sr no.,age,education,gender,income,expenses,Investement fund,investment goal (in years),SIP(sys invst plan),fund mng exp,type of fund,market capitalization,fund performance,RISK TOLERANCE,1YR returns %,3YR returns %,5YR returns %,Total Expense %
1,41,ca,f,32227.00,14502.15,17724.85,9,quarterly,5,balanced,small cap,0,medium,2.83,7.4,7.64,3.66
2,43,b.com,m,31920.00,14364.00,17556.00,4,yearly,8,balanced,small cap,1,medium,2.83,7.4,7.64,3.66
3,39,intern(puc),m,49066.00,22079.70,26986.30,10,monthly,10,balanced,mid cap,1,medium,2.9,7.42,8.06,3.73
4,34,intern(puc),f,75796.00,34108.20,41687.80,1,fortnight,12,hybrid,small cap,0,low,2.39,6.89,7.36,3.36
5,71,intern(puc),f,88771.00,39946.95,48824.05,6,fortnight,6,balanced,mid cap,0,medium,2.39,6.89,7.36,3.36
6,55,b.e,f,21688.00,9759.60,11928.40,8,monthly,13,money market,small cap,1,low,2.39,6.89,7.54,3.36
7,38,b.e,f,44676.00,20104.20,24571.80,2,quarterly,13,balanced,small cap,1,medium,4.98,5.69,6.72,3.32
8,37,b.e,f,20631.00,9283.95,11347.05,1,monthly,10,balanced,mid cap,0,medium,5.63,6.32,7.28,3.79
9,37,intern(puc),m,59092.00,26591.40,32500.60,1,fortnight,15,balanced,small cap,1,medium,4.98,5.69,6.72,3.32
10,43,degree,m,51131.00,23008.95,28122.05,4,monthly,12,balanced,mid cap,0,medium,5.63,6.32,7.28,3.79
11,39,intern(puc),m,30578.00,13760.10,16817.90,7,fortnight,13,money market,large cap,0,low,5.78,5.94,6.87,4.11
12,34,b.com,f,32379.00,14570.55,17808.45,8,quarterly,13,debt,small cap,0,medium,6.43,6.6,7.45,4.56
13,49,intern(puc),m,44188.00,19884.60,24303.40,9,monthly,4,balanced,mid cap,0,medium,2.51,10.56,15.6,0.94
14,56,m.tech,m,63273.00,28472.85,34800.15,7,fortnight,3,balanced,large cap,0,medium,2.57,10.6,-,0.99
15,59,degree,m,92383.00,41572.35,50810.65,8,quarterly,15,balanced,small cap,1,medium,2.57,10.6,-,0.99
16,35,ca,m,95650.00,43042.50,52607.50,8,quarterly,3,debt,mid cap,0,medium,2.54,10.59,-,0.95
17,39,m.tech,m,51751.00,23287.95,28463.05,2,quarterly,11,money market,mid cap,0,low,2.51,10.57,15.59,0.94
18,41,b.e,m,36184.00,16282.80,19901.20,5,yearly,11,balanced,large cap,1,medium,2.51,10.57,15.59,0.94
19,44,degree,f,21716.00,9772.20,11943.80,3,yearly,5,hybrid,small cap,0,low,0.29,11.32,13.1,-1.48
20,49,degree,m,68440.00,30798.00,37642.00,10,monthly,4,balanced,small cap,0,medium,0.29,11.32,13.1,-1.48
21,39,m.tech,f,90299.00,40634.55,49664.45,5,fortnight,8,debt,small cap,0,medium,2.32,12.19,13.63,0.47
22,48,b.com,m,87152.00,39218.40,47933.60,3,fortnight,5,balanced,large cap,1,medium,-0.98,10.45,12.25,-2.36
23,30,b.com,f,28039.00,12617.55,15421.45,8,quarterly,4,equity,small cap,1,high,-0.98,10.45,12.25,-2.36
24,44,degree,m,89833.00,40424.85,49408.15,7,monthly,12,money market,large cap,1,low,1.03,11.18,12.7,-0.41
25,50,m.tech,f,75521.00,33984.45,41536.55,6,fortnight,9,balanced,small cap,1,medium,-2.05,21.07,-,-0.27
26,50,intern(puc),m,98604.00,44371.80,54232.20,9,quarterly,10,balanced,small cap,0,medium,-2.05,21.07,-,-0.27
27,31,m.tech,m,42830.00,19273.50,23556.50,7,monthly,4,equity,large cap,1,high,-2.06,21.07,-,-0.24
28,30,m.tech,f,36194.00,16287.30,19906.70,5,quarterly,8,money market,mid cap,0,low,-3.28,19.86,-,-1.17
29,44,degree,m,43718.00,19673.10,24044.90,2,monthly,12,balanced,small cap,1,medium,-3.28,19.86,-,-1.17
30,32,ca,m,46901.00,21105.45,25795.55,9,monthly,12,money market,large cap,0,low,-3.28,19.87,-,-1.14
31,37,ca,m,85707.00,38568.15,47138.85,7,quarterly,13,balanced,large cap,1,medium,4.17,8.06,9.04,1.85
32,34,b.e,m,27218.00,12248.10,14969.90,6,quarterly,7,debt,small cap,0,medium,2.49,7.57,8.75,1.83
33,29,ca,m,23494.00,10572.30,12921.70,9,monthly,14,equity,small cap,1,high,3.99,7.86,8.82,3.4
34,27,m.tech,m,27854.00,12534.30,15319.70,8,fortnight,7,equity,mid cap,0,high,2.49,7.57,8.75,1.83
35,26,intern(puc),m,58632.00,26384.40,32247.60,6,yearly,13,equity,mid cap,1,high,3.99,7.86,8.82,3.4
36,41,b.e,m,39115.00,17601.75,21513.25,4,yearly,4,balanced,small cap,0,medium,4.29,8.19,9.34,3.61
37,33,m.tech,f,90693.00,40811.85,49881.15,5,fortnight,8,debt,large cap,0,medium,3.99,7.86,9.03,3.4
38,34,intern(puc),m,81374.00,36618.30,44755.70,10,yearly,11,debt,large cap,1,medium,2.29,5.92,7.24,1.75
39,47,m.tech,f,50953.00,22928.85,28024.15,9,monthly,7,balanced,small cap,0,medium,2,5.46,6.86,1.54
40,33,degree,f,67166.00,30224.70,36941.30,9,quarterly,14,debt,mid cap,1,medium,2.29,5.92,7.24,1.75
41,57,degree,m,65593.00,29516.85,36076.15,1,fortnight,14,equity,mid cap,0,high,2,5.46,6.86,1.54
42,25,intern(puc),m,67817.00,30517.65,37299.35,9,monthly,15,debt,mid cap,0,medium,2.32,5.74,6.82,2.12
43,53,degree,f,43217.00,19447.65,23769.35,5,quarterly,9,balanced,mid cap,0,medium,2.02,5.38,6.51,1.9
44,46,intern(puc),f,55452.00,24953.40,30498.60,10,monthly,3,balanced,mid cap,1,medium,2.32,5.74,6.82,2.12
45,37,degree,m,81580.00,36711.00,44869.00,2,quarterly,8,balanced,small cap,0,medium,2.02,5.38,6.51,1.9
46,35,ca,m,69703.00,31366.35,38336.65,7,monthly,5,debt,small cap,1,medium,3.99,7.86,8.99,3.4
47,43,intern(puc),m,49564.00,22303.80,27260.20,7,quarterly,14,balanced,mid cap,1,medium,2,5.43,6.8,1.54
48,60,m.tech,m,68539.00,30842.55,37696.45,10,fortnight,8,balanced,mid cap,0,medium,2.03,5.41,6.5,1.9
49,48,intern(puc),m,88801.00,39960.45,48840.55,5,yearly,8,balanced,mid cap,0,medium,6.42,6.88,4.57,5.48
50,54,b.e,f,27542.00,12393.90,15148.10,5,fortnight,14,balanced,mid cap,1,medium,6.82,6.25,4.51,5.74
51,41,m.tech,m,75709.00,34069.05,41639.95,8,monthly,15,balanced,large cap,1,medium,6.6,10.42,13.76,-0.95
52,67,b.com,f,63131.00,28408.95,34722.05,6,monthly,10,balanced,large cap,0,medium,-0.61,10.24,13.41,-0.95
53,22,degree,m,52272.00,23522.40,28749.60,6,quarterly,8,equity,small cap,1,high,-0.61,10.24,13.41,-0.95
54,59,m.tech,f,75692.00,34061.40,41630.60,7,yearly,5,balanced,mid cap,1,medium,-0.61,10.42,13.76,-0.95
55,59,b.com,f,84762.00,38142.90,46619.10,5,monthly,10,balanced,mid cap,1,medium,-1.84,9.12,12.62,-1.82
56,39,b.e,m,29854.00,13434.30,16419.70,3,yearly,15,balanced,large cap,1,medium,-1.84,9.12,12.62,-1.82
57,47,b.com,m,20500.00,9225.00,11275.00,10,quarterly,13,balanced,mid cap,1,medium,-3.66,7.05,10.59,-3.6
58,29,b.e,f,26686.00,12008.70,14677.30,1,monthly,14,equity,mid cap,0,high,-3.66,7.05,10.59,-3.6
59,44,intern(puc),m,45495.00,20472.75,25022.25,1,monthly,10,balanced,large cap,1,medium,4.65,5.74,6.26,3.57
60,38,m.tech,m,43330.00,19498.50,23831.50,7,yearly,5,balanced,mid cap,1,medium,4.56,5.66,6.18,3.55
61,41,intern(puc),m,26822.00,12069.90,14752.10,6,quarterly,6,balanced,mid cap,0,medium,6.67,8,8.56,5.16
62,53,b.com,f,45393.00,20426.85,24966.15,4,fortnight,9,balanced,small cap,1,medium,6.5,7.96,8.56,4.98
63,50,b.com,m,20146.00,9065.70,11080.30,10,yearly,4,balanced,large cap,1,medium,6.63,8.09,8.71,5.07
64,52,intern(puc),f,90854.00,40884.30,49969.70,7,monthly,11,balanced,mid cap,1,medium,6.5,7.96,8.59,4.98
65,33,m.tech,f,71194.00,32037.30,39156.70,5,monthly,3,debt,small cap,0,medium,4.56,5.64,6.15,3.51
66,54,b.e,m,89224.00,40150.80,49073.20,9,quarterly,5,hybrid,large cap,0,low,4.22,5.39,6.02,3.17
67,34,intern(puc),m,99989.00,44995.05,54993.95,8,monthly,13,debt,small cap,0,medium,4.39,5.51,6.14,3.24
68,42,b.sc,f,27701.00,12465.45,15235.55,9,yearly,4,hybrid,small cap,0,low,4.39,5.51,6.14,3.24
69,39,b.e,m,95262.00,42867.90,52394.10,1,fortnight,7,balanced,mid cap,0,medium,4.22,5.39,6.04,3.17
70,58,intern(puc),f,74716.00,33622.20,41093.80,7,quarterly,5,balanced,large cap,1,medium,2.58,6.89,8.37,1.74
71,36,degree,m,30993.00,13946.85,17046.15,4,yearly,13,money market,mid cap,1,low,2.58,6.89,8.37,1.74
72,27,b.com,m,49476.00,22264.20,27211.80,9,monthly,7,equity,small cap,0,high,4.53,8.22,9.18,3.68
73,58,intern(puc),f,33654.00,15144.30,18509.70,7,quarterly,8,money market,small cap,0,low,2.45,5.52,6.49,2.1
74,35,b.com,f,48494.00,21822.30,26671.70,4,quarterly,14,debt,small cap,1,medium,2.45,5.52,6.49,2.1
75,47,intern(puc),m,81370.00,36616.50,44753.50,8,fortnight,14,balanced,small cap,1,medium,1.93,6.18,7.74,1.3
76,39,b.com,m,77931.00,35068.95,42862.05,4,monthly,4,balanced,mid cap,0,medium,1.93,6.18,7.74,1.3
77,30,ca,m,52260.00,23517.00,28743.00,1,quarterly,11,equity,small cap,0,high,3.86,7.5,8.54,3.21
78,27,b.com,m,30945.00,13925.25,17019.75,3,quarterly,15,equity,large cap,1,high,2.04,4.99,5.97,1.89
79,58,degree,f,75354.00,33909.30,41444.70,3,quarterly,14,balanced,small cap,1,medium,2.04,4.99,5.97,1.89
80,44,b.e,m,83669.00,37651.05,46017.95,1,fortnight,3,balanced,large cap,0,medium,-4.99,16.83,27.6,-16.01
81,55,b.com,m,94026.00,42311.70,51714.30,2,monthly,7,balanced,large cap,0,medium,-4.99,16.83,27.6,-16.01
82,22,degree,f,71443.00,32149.35,39293.65,2,yearly,5,equity,small cap,0,high,-4.98,16.83,27.62,-16.02
83,54,m.tech,m,65194.00,29337.30,35856.70,3,monthly,3,money market,mid cap,0,low,-6.81,15.3,26.14,-17.33
84,39,intern(puc),m,62815.00,28266.75,34548.25,5,yearly,10,balanced,mid cap,0,medium,-6.81,15.3,26.14,-17.33
85,32,m.tech,f,72301.00,32535.45,39765.55,5,yearly,8,equity,mid cap,1,high,-6.18,15.62,26.38,-16.77
86,42,degree,m,98970.00,44536.50,54433.50,4,quarterly,13,balanced,large cap,0,medium,9.07,14.27,21.94,-0.76
87,35,intern(puc),m,47517.00,21382.65,26134.35,6,monthly,11,debt,small cap,0,medium,10.27,15.55,23.29,0.04
88,46,m.tech,f,77763.00,34993.35,42769.65,10,quarterly,13,balanced,small cap,1,medium,9.07,14.27,21.94,-0.76
89,44,ca,m,87732.00,39479.40,48252.60,8,quarterly,4,balanced,mid cap,0,medium,10.27,15.55,23.29,0.04
90,48,degree,f,77183.00,34732.35,42450.65,10,quarterly,8,balanced,mid cap,1,medium,9.06,14.25,22.08,-0.77
91,28,b.com,f,49929.00,22468.05,27460.95,8,quarterly,4,equity,large cap,1,high,10.27,15.55,23.32,0.05
92,59,m.tech,m,74260.00,33417.00,40843.00,2,yearly,8,balanced,small cap,0,medium,8.32,14.32,22.59,-0.57
93,59,m.tech,m,74499.00,33524.55,40974.45,10,monthly,13,balanced,small cap,1,medium,10.65,15.86,23.89,0.26
94,28,intern(puc),m,96146.00,43265.70,52880.30,2,yearly,15,money market,large cap,0,low,8.32,14.32,22.59,-0.57
95,38,ca,f,52008.00,23403.60,28604.40,10,fortnight,12,balanced,mid cap,1,medium,10.65,15.86,23.89,0.26
96,47,degree,f,60574.00,27258.30,33315.70,2,quarterly,3,balanced,small cap,1,medium,9.38,14.71,22.83,-0.59
97,25,intern(puc),m,71569.00,32206.05,39362.95,8,monthly,4,money market,small cap,1,low,9.38,14.71,22.83,-0.59
98,47,b.e,f,27251.00,12262.95,14988.05,5,fortnight,13,balanced,small cap,0,medium,10.68,15.89,23.91,0.27
99,48,m.tech,f,71819.00,32318.55,39500.45,7,yearly,10,balanced,large cap,1,medium,6.26,9.5,-,5.01
100,50,intern(puc),m,92921.00,41814.45,51106.55,6,yearly,7,balanced,mid cap,1,medium,2.07,7.23,-,2.05
101,42,ca,m,20186.00,9083.70,11102.30,7,quarterly,15,balanced,small cap,1,medium,0.53,6.72,-,0.28
102,35,b.tech,m,30000.00,15000.00,15000.00,4,monthly,11,debt,mid cap,0,medium,6.27,6.72,-,4.38
103,52,ca,m,50000.00,24000.00,26000.00,5,monthly,7,balanced,small cap,1,medium,6.58,6.82,-,4.66
104,38,m.tech,m,50000.00,20000.00,30000.00,3,monthly,5,balanced,small cap,1,medium,5.41,5.84,-,3.75
105,25,b.com,m,24000.00,10000.00,14000.00,8,monthly,11,equity,mid cap,0,high,5.41,5.84,-,3.75
106,42,b.e,f,25000.00,10000.00,15000.00,7,yearly,8,balanced,small cap,1,medium,5.7,5.94,-,4.03
107,38,b.com,f,20000.00,10000.00,10000.00,2,quarterly,4,balanced,mid cap,1,medium,3.85,5.15,5.86,2.72
108,29,b.tech,f,15000.00,5000.00,10000.00,5,fortnight,9,equity,large cap,1,high,4.06,5.31,5.96,2.89
109,45,mba,m,45000.00,20000.00,25000.00,3,monthly,4,balanced,large cap,0,medium,5.49,7.34,8.21,3.84
110,35,ca,f,35000.00,15000.00,20000.00,3,fortnight,12,debt,small cap,1,medium,3.7,5.2,5.93,2.61
111,42,mbbs,m,60000.00,25000.00,35000.00,5,quarterly,5,balanced,mid cap,0,medium,3.7,5.2,5.93,2.61
112,34,m.com,m,36000.00,18000.00,18000.00,2,monthly,12,debt,mid cap,1,medium,3.8,5.22,-,2.61
113,56,b.e,m,46000.00,18000.00,28000.00,3,quarterly,7,balanced,mid cap,1,medium,3.8,5.22,-,2.61
114,46,ca,f,70000.00,32000.00,38000.00,7,monthly,10,debt,small cap,0,medium,5.21,7.13,8,3.62
115,44,m.tech,m,55000.00,20000.00,35000.00,3,quarterly,8,balanced,small cap,0,medium,3.49,5.04,5.78,2.45
116,39,mba,m,39000.00,20000.00,19000.00,1,fortnight,6,money market,small cap,0,low,3.49,5.04,5.78,2.45
117,50,b.e,m,48000.00,25000.00,23000.00,5,monthly,15,balanced,large cap,1,medium,3.59,5.07,5.8,2.45
118,33,intern(puc),f,20000.00,10000.00,10000.00,9,monthly,9,debt,small cap,1,medium,3.59,5.07,5.8,2.45
119,56,ca,m,90000.00,57000.00,33000.00,8,fortnight,9,balanced,mid cap,0,medium,13.04,14.75,17.41,8.95
120,54,b.e,m,80000.00,30000.00,50000.00,5,fortnight,5,debt,small cap,1,medium,13.04,14.75,17.41,8.95
121,38,intern(puc),f,25000.00,5000.00,20000.00,4,fortnight,15,balanced,small cap,0,medium,13.08,14.77,17.48,8.91
122,42,mbbs,m,80000.00,60000.00,20000.00,6,fortnight,12,balanced,large cap,1,medium,11.49,13.42,16.12,7.81
123,43,b.com,f,25000.00,14000.00,11000.00,8,yearly,8,money market,mid cap,1,low,11.49,13.42,16.12,7.81
124,53,m.tech,m,50000.00,23000.00,27000.00,4,yearly,4,balanced,mid cap,1,medium,11.49,13.4,16.12,7.84
125,29,b.com,m,45000.00,20000.00,25000.00,6,monthly,14,equity,mid cap,0,high,6.06,-,-,2.37
126,52,b.e,f,50000.00,20000.00,30000.00,4,quarterly,3,debt,small cap,0,medium,6.11,-,-,2.41
127,47,ca,m,100000.00,45000.00,55000.00,5,fortnight,15,balanced,small cap,0,medium,6.29,-,-,2.5
128,39,b.tech,m,55000.00,18000.00,37000.00,5,monthly,14,equity,small cap,0,high,6.06,-,-,2.37
129,54,ca,m,100000.00,50000.00,50000.00,5,quarterly,14,balanced,mid cap,0,medium,6.06,-,-,2.37
130,46,mbbs,m,70000.00,40000.00,30000.00,5,fortnight,4,balanced,large cap,0,medium,4.38,-,-,1.25
131,31,intern(puc),f,25000.00,10000.00,15000.00,7,yearly,14,equity,large cap,0,high,4.42,-,-,1.26
132,35,b.com,m,33000.00,15000.00,18000.00,5,monthly,4,debt,small cap,1,medium,4.37,-,-,1.26
133,51,mba,m,100000.00,40000.00,60000.00,5,monthly,11,balanced,large cap,0,medium,4.37,-,-,1.26
134,42,degree,m,45000.00,20000.00,25000.00,3,monthly,11,money market,small cap,0,low,4.42,-,-,1.26
135,51,b.tech,m,80000.00,40000.00,40000.00,5,monthly,9,balanced,mid cap,1,medium,4.86,-,-,3.6
136,35,m.tech,m,48000.00,20000.00,28000.00,5,yearly,15,debt,small cap,1,medium,7.26,-,-,5.47
137,28,b.arch,f,15000.00,5000.00,10000.00,4,fortnight,13,equity,small cap,0,high,5.11,-,-,3.96
138,43,mba,m,70000.00,35000.00,35000.00,5,fortnight,15,balanced,mid cap,1,medium,5.11,-,-,3.96
139,52,b.e,m,56000.00,25000.00,31000.00,5,yearly,13,balanced,small cap,0,medium,7.23,-,-,0.28
140,41,b.e,m,15000.00,5000.00,10000.00,3,quarterly,6,hybrid,large cap,1,low,7.23,-,-,5.47
141,54,b.a,f,30000.00,20000.00,10000.00,5,fortnight,9,balanced,small cap,0,medium,5.31,-,-,4.04
142,29,b.arch,m,35000.00,10000.00,25000.00,5,yearly,12,equity,small cap,1,high,5.31,-,-,4.04
143,40,b.tech,m,90000.00,40000.00,50000.00,7,fortnight,3,balanced,small cap,1,medium,4.23,-,-,3.15
144,36,degree,f,15000.00,5000.00,10000.00,5,monthly,13,balanced,small cap,1,medium,6.31,-,-,4.8
145,47,degree,f,29000.00,15000.00,14000.00,5,fortnight,8,balanced,mid cap,0,medium,6.31,-,-,4.8
146,50,mba,m,70000.00,41850.00,28150.00,4,monthly,9,growth,mid cap,0,low,6.32,-,-,4.8
147,53,m.tech,m,100000.00,50000.00,50000.00,2,yearly,10,balanced,small cap,0,medium,4.44,-,-,3.47
148,41,ca,f,80000.00,30000.00,50000.00,4,fortnight,3,balanced,mid cap,1,medium,4.44,-,-,3.47
149,37,b.e,m,30000.00,15000.00,15000.00,7,yearly,8,balanced,large cap,1,medium,4.52,-,-,3.44
150,52,b.com,f,35000.00,15000.00,20000.00,5,yearly,12,balanced,small cap,0,medium,4.52,-,-,3.44
151,32,degree,f,30000.00,10000.00,20000.00,3,quarterly,3,growth,small cap,0,low,5.56,8.67,-,4.3
152,44,mbbs,m,100000.00,35000.00,65000.00,4,fortnight,5,balanced,small cap,1,medium,3.69,6.12,-,3.09
153,39,llb,f,94971.00,42736.95,52234.05,8,monthly,3,balanced,large cap,0,medium,3.69,6.12,-,3.09
154,29,llb,m,87652.00,39443.40,48208.60,8,yearly,14,equity,small cap,1,high,3.94,6.24,-,3.06
155,55,m.com,f,53085.00,23888.25,29196.75,7,fortnight,11,balanced,large cap,0,medium,3.94,6.24,-,3.06
156,43,b.com,m,70789.00,31855.05,38933.95,8,quarterly,10,balanced,mid cap,0,medium,4.14,7.29,-,3.31
157,50,b.e,m,24950.00,11227.50,13722.50,2,monthly,7,balanced,small cap,1,medium,2.64,5.21,-,2.37
158,34,degree,m,44691.00,20110.95,24580.05,5,quarterly,5,debt,large cap,1,medium,2.64,5.21,-,2.37
159,34,b.arch,m,40833.00,18374.85,22458.15,7,monthly,6,growth,large cap,1,low,2.9,5.21,-,2.35
160,29,mba,f,46937.00,21121.65,25815.35,4,quarterly,11,equity,large cap,0,high,2.9,5.21,-,2.35
161,30,m.tech,m,25284.00,11377.80,13906.20,4,quarterly,15,equity,mid cap,1,high,2.45,7.72,8.98,2.98
162,44,mba,f,59911.00,26959.95,32951.05,6,quarterly,9,balanced,small cap,0,medium,0.64,5.47,6.95,2.35
163,56,llb,f,65775.00,29598.75,36176.25,1,quarterly,13,balanced,small cap,0,medium,0.64,5.47,6.95,2.35
164,57,m.tech,m,91767.00,41295.15,50471.85,9,monthly,11,hybrid,large cap,0,low,-0.15,5.07,6.68,1.66
165,52,mba,f,45951.00,20677.95,25273.05,7,yearly,14,balanced,mid cap,0,medium,-0.15,5.07,6.68,1.66
166,39,llb,m,36569.00,16456.05,20112.95,5,quarterly,12,balanced,mid cap,0,medium,1.54,6.7,7.77,2.32
167,41,mba,m,77598.00,34919.10,42678.90,2,monthly,7,balanced,small cap,0,medium,-0.38,4.37,5.69,1.66
168,57,b.arch,f,75647.00,34041.15,41605.85,8,fortnight,9,balanced,large cap,1,medium,-0.38,4.37,5.69,1.66
169,25,m.tech,m,33932.00,15269.40,18662.60,4,yearly,9,equity,large cap,1,high,0.2,4.46,5.71,2.32
170,32,degree,f,72433.00,32594.85,39838.15,8,fortnight,7,hybrid,small cap,0,low,0.2,4.46,5.71,2.32
171,57,ca,f,89969.00,40486.05,49482.95,2,monthly,4,balanced,mid cap,1,medium,7.83,-,-,5.05
172,40,mba,m,77759.00,34991.55,42767.45,9,monthly,3,balanced,small cap,0,medium,7.83,-,-,5.05
173,41,llb,m,47544.00,21394.80,26149.20,2,quarterly,13,balanced,small cap,0,medium,7.83,-,-,5.05
174,39,ca,f,97572.00,43907.40,53664.60,2,quarterly,8,hybrid,mid cap,0,low,6.08,-,-,3.74
175,25,b.com,f,36313.00,16340.85,19972.15,3,yearly,7,equity,large cap,1,high,6.08,-,-,3.74
176,42,mbbs,f,53168.00,23925.60,29242.40,6,yearly,4,balanced,small cap,1,medium,6.08,-,-,3.74
177,38,b.arch,m,24394.00,10977.30,13416.70,7,yearly,8,balanced,large cap,1,medium,18.3,11.54,-,2.87
178,25,b.com,m,41187.00,18534.15,22652.85,6,fortnight,15,money market,large cap,1,low,0.1,11.54,15.69,0.43
179,55,mbbs,m,69037.00,31066.65,37970.35,8,fortnight,3,balanced,large cap,1,medium,0.83,12.35,16.62,0.96
180,29,b.com,f,66849.00,30082.05,36766.95,8,fortnight,6,equity,small cap,0,high,0.09,11.54,15.68,0.38
181,29,mbbs,m,27254.00,12264.30,14989.70,6,yearly,10,equity,small cap,0,high,0.09,11.54,15.68,0.38
182,55,degree,m,22001.00,9900.45,12100.55,2,monthly,6,balanced,small cap,0,medium,0.78,12.31,16.6,0.94
183,28,b.com,m,24570.00,11056.50,13513.50,8,quarterly,3,money market,small cap,1,low,0.78,12.31,16.6,0.94
184,31,b.arch,m,64748.00,29136.60,35611.40,10,quarterly,6,equity,mid cap,1,high,-0.01,5.58,8.04,-0.78
185,43,llb,f,39904.00,17956.80,21947.20,2,fortnight,9,balanced,large cap,1,medium,-1.64,3.85,6.32,-1.88
186,34,m.com,m,86999.00,39149.55,47849.45,5,yearly,14,debt,large cap,1,medium,-1.64,3.85,6.32,-1.88
187,31,mbbs,f,46042.00,20718.90,25323.10,3,quarterly,5,equity,large cap,0,high,-1.69,3.82,6.13,-1.69
188,38,mbbs,f,23440.00,10548.00,12892.00,7,fortnight,10,balanced,small cap,1,medium,-1.69,3.82,6.13,-1.69
189,32,llb,f,99236.00,44656.20,54579.80,8,yearly,11,#N/A,small cap,0,#N/A,1.02,6.47,9.01,-0.01
190,39,b.com,m,86403.00,38881.35,47521.65,10,fortnight,14,balanced,large cap,1,medium,-0.59,4.77,-,-1.07
191,45,ca,m,68370.00,30766.50,37603.50,7,fortnight,4,money market,large cap,1,low,-0.59,4.77,-,-1.07
192,43,b.arch,f,46218.00,20798.10,25419.90,2,monthly,3,balanced,large cap,1,medium,1.44,4.82,-,0.2
193,51,mba,m,90376.00,40669.20,49706.80,5,quarterly,9,balanced,small cap,1,medium,1.44,4.82,-,0.2
194,33,llb,m,95526.00,42986.70,52539.30,9,monthly,13,money market,mid cap,1,low,4.89,8.74,-,3.66
195,26,m.com,m,44943.00,20224.35,24718.65,1,yearly,11,equity,mid cap,1,high,2.64,6.39,-,2.17
196,30,b.arch,f,42802.00,19260.90,23541.10,10,quarterly,8,hybrid,mid cap,0,low,2.64,6.39,-,2.17
197,32,m.tech,f,34302.00,15435.90,18866.10,1,yearly,10,#N/A,mid cap,1,#N/A,2.65,6.4,-,2.45
198,29,m.tech,f,86434.00,38895.30,47538.70,9,monthly,10,equity,mid cap,0,high,2.65,6.4,-,2.45
199,56,mba,f,97510.00,43879.50,53630.50,7,yearly,7,balanced,large cap,1,medium,6.82,10.29,-,3.03
200,49,degree,f,77770.00,34996.50,42773.50,6,monthly,4,balanced,mid cap,0,medium,5.93,10.01,-,4.37
201,52,m.tech,m,61509.00,27679.05,33829.95,2,quarterly,7,hybrid,mid cap,1,low,3.76,7.77,-,2.93
202,44,b.arch,m,35532.00,15989.40,19542.60,2,yearly,13,balanced,mid cap,0,medium,3.76,7.77,-,2.93
203,58,m.tech,f,94538.00,42542.10,51995.90,1,yearly,15,hybrid,large cap,0,low,3.72,7.67,-,3.16
204,44,m.com,m,22549.00,10147.05,12401.95,9,monthly,11,money market,large cap,0,low,3.72,7.67,-,3.16
205,46,ca,m,65867.00,29640.15,36226.85,9,monthly,15,balanced,large cap,1,medium,1.68,7.02,8.42,1.56
206,54,m.tech,f,46168.00,20775.60,25392.40,3,fortnight,15,hybrid,mid cap,0,low,2.21,7.68,9.27,1.95
207,42,b.arch,m,59628.00,26832.60,32795.40,4,fortnight,3,money market,mid cap,1,low,-0.44,5.41,7.44,-0.55
208,30,m.tech,m,70391.00,31675.95,38715.05,10,yearly,14,equity,large cap,0,high,-0.44,5.41,7.44,-0.55
209,45,degree,m,74393.00,33476.85,40916.15,5,quarterly,7,hybrid,mid cap,1,low,0.19,6.13,8.47,-0.07
210,30,b.com,f,28166.00,12674.70,15491.30,3,quarterly,6,money market,small cap,0,low,0.19,6.13,8.47,-0.07
211,33,b.e,f,65975.00,29688.75,36286.25,8,fortnight,5,debt,large cap,1,medium,-1.74,10.07,-,-7.41
212,55,b.e,f,30581.00,13761.45,16819.55,5,monthly,8,balanced,small cap,1,medium,-2.64,9.12,-,-7.91
213,36,mbbs,f,79116.00,35602.20,43513.80,2,quarterly,14,money market,large cap,0,low,-2.61,9.07,14.52,-7.89
214,33,llb,f,30259.00,13616.55,16642.45,6,fortnight,8,debt,small cap,0,medium,-2.64,9.12,-,-7.91
215,41,b.arch,f,21184.00,9532.80,11651.20,7,fortnight,10,debt,small cap,0,medium,-1.75,10.07,15.58,-7.4
216,41,ca,f,55447.00,24951.15,30495.85,3,yearly,4,money market,mid cap,1,low,-1.74,10.07,-,-7.41
217,44,b.e,m,84999.00,38249.55,46749.45,9,monthly,10,balanced,mid cap,0,medium,-1.35,5.29,6.95,-0.06
218,30,degree,m,70812.00,31865.40,38946.60,7,fortnight,10,money market,mid cap,0,low,4.74,6.12,7.93,0.56
219,54,mba,f,84174.00,37878.30,46295.70,10,yearly,14,balanced,mid cap,1,medium,-3.39,3.4,5.18,-2.13
220,57,degree,m,84697.00,38113.65,46583.35,6,quarterly,14,balanced,large cap,1,medium,-3.39,3.4,5.18,-2.13
221,25,m.com,m,42915.00,19311.75,23603.25,3,yearly,12,money market,large cap,0,low,-0.52,6.12,7.31,0.56
222,34,b.com,m,29957.00,13480.65,16476.35,2,fortnight,6,debt,mid cap,0,medium,-0.52,6.12,7.31,0.56
223,56,mba,f,32952.00,14828.40,18123.60,8,yearly,5,money market,mid cap,0,low,-0.41,9.27,12.05,-4.24
224,52,b.e,m,84588.00,38064.60,46523.40,7,fortnight,6,balanced,large cap,1,medium,-0.41,9.27,12.05,-4.24
225,41,m.tech,m,70199.00,31589.55,38609.45,3,fortnight,7,money market,mid cap,0,low,-0.16,9.36,12.65,-4.27
226,44,mbbs,f,50399.00,22679.55,27719.45,9,yearly,7,balanced,mid cap,1,medium,1.14,10.81,13.98,-3.13
227,40,b.arch,m,41651.00,18742.95,22908.05,4,yearly,14,debt,small cap,1,medium,1.14,10.81,13.98,-3.13
228,45,m.tech,f,58954.00,26529.30,32424.70,1,quarterly,7,hybrid,mid cap,1,low,1.4,10.84,14.05,-3.14
229,51,ca,m,41307.00,18588.15,22718.85,5,fortnight,10,balanced,mid cap,0,medium,-1.03,5.19,6.82,-0.14
230,28,degree,f,38772.00,17447.40,21324.60,5,monthly,3,equity,mid cap,0,high,-0.41,5.87,7.64,0.31
231,33,b.e,f,69167.00,31125.15,38041.85,1,monthly,12,debt,large cap,0,medium,-3.08,3.27,5.64,-2.2
232,25,mbbs,f,73633.00,33134.85,40498.15,8,quarterly,4,hybrid,small cap,1,low,-3.08,3.27,5.64,-2.2
233,33,m.tech,m,75538.00,33992.10,41545.90,5,monthly,9,debt,large cap,1,medium,-2.45,-,-,-1.74
234,30,b.e,m,45653.00,20543.85,25109.15,1,yearly,3,hybrid,small cap,1,low,-2.45,-,-,-1.74
235,57,m.com,m,84268.00,37920.60,46347.40,5,monthly,4,balanced,small cap,1,medium,1.15,8.81,15.1,-0.78
236,48,b.e,m,59576.00,26809.20,32766.80,9,fortnight,10,money market,small cap,1,low,2.02,9.66,15.88,-0.2
237,43,degree,f,80477.00,36214.65,44262.35,4,quarterly,4,balanced,small cap,0,medium,1.18,8.81,15.11,-0.75
238,43,b.com,f,57849.00,26032.05,31816.95,7,quarterly,14,balanced,small cap,0,medium,1.18,8.81,15.11,-0.75
239,26,mbbs,f,79766.00,35894.70,43871.30,1,monthly,12,equity,small cap,1,high,1.99,9.69,15.77,-0.19
240,34,m.com,m,93928.00,42267.60,51660.40,3,yearly,6,debt,large cap,1,medium,1.99,9.69,15.77,-0.19
241,56,mba,m,83486.00,37568.70,45917.30,4,monthly,8,hybrid,small cap,1,low,7.13,7.33,8.01,5.23
242,25,b.com,m,95675.00,43053.75,52621.25,7,fortnight,14,equity,small cap,0,high,7,7.49,-,3.21
243,28,ca,f,93937.00,42271.65,51665.35,4,quarterly,7,money market,mid cap,0,low,7.24,7.44,8.12,5.3
244,51,b.com,m,65347.00,29406.15,35940.85,2,yearly,8,balanced,small cap,0,medium,5.12,5.29,5.83,3.77
245,42,m.com,m,47745.00,21485.25,26259.75,3,yearly,3,debt,small cap,0,medium,5.18,5.38,6.87,3.78
246,69,b.e,m,78569.00,35356.05,43212.95,1,fortnight,3,balanced,large cap,0,medium,5.18,5.38,6.87,3.78
247,29,llb,f,76540.00,34443.00,42097.00,7,monthly,14,money market,mid cap,0,low,5.04,4.92,5.39,3.71
248,25,m.tech,m,26081.00,11736.45,14344.55,7,fortnight,7,equity,large cap,0,high,5.04,4.92,5.39,3.71
249,29,b.e,m,97537.00,43891.65,53645.35,7,yearly,10,equity,mid cap,0,high,7.13,6.92,7.42,5.23
250,51,m.tech,m,32117.00,14452.65,17664.35,10,yearly,5,hybrid,mid cap,0,low,7.13,6.92,7.42,5.23
251,45,b.com,m,35628.00,16032.60,19595.40,5,fortnight,6,money market,mid cap,1,low,7.13,6.92,7.42,5.23
252,53,m.tech,m,48433.00,21794.85,26638.15,8,yearly,9,balanced,large cap,1,medium,5.04,5.21,5.82,3.71
253,35,b.tech,m,30000.00,15000.00,15000.00,4,monthly,11,debt,large cap,1,medium,5.04,5.21,5.82,3.71
254,52,ca,m,50000.00,24000.00,26000.00,5,monthly,7,balanced,large cap,1,medium,5,5.2,5.83,3.63
255,38,m.tech,m,50000.00,20000.00,30000.00,3,monthly,5,balanced,mid cap,0,medium,5,5.2,5.83,3.63
256,25,b.com,m,24000.00,10000.00,14000.00,8,monthly,11,equity,large cap,0,high,-0.85,7.78,9.21,-10.24
257,42,b.e,f,25000.00,10000.00,15000.00,7,yearly,8,balanced,large cap,0,medium,-0.85,7.78,9.21,-10.24
258,38,b.com,f,20000.00,10000.00,10000.00,2,quarterly,4,balanced,small cap,0,medium,-0.85,7.78,9.21,-10.24
259,29,b.tech,f,15000.00,5000.00,10000.00,5,fortnight,9,equity,small cap,1,high,0.1,8.64,10.06,-9.67
260,45,mba,m,45000.00,20000.00,25000.00,3,monthly,4,balanced,large cap,0,medium,0.1,8.64,-,-9.67
261,35,ca,f,35000.00,15000.00,20000.00,3,fortnight,12,debt,small cap,0,medium,0.1,8.64,-,-9.67
262,42,mbbs,m,60000.00,25000.00,35000.00,5,quarterly,5,balanced,mid cap,1,medium,-2.15,8.54,14.28,-6.89
263,34,m.com,m,36000.00,18000.00,18000.00,2,monthly,12,debt,small cap,1,medium,-2.15,8.54,14.28,-6.89
264,56,b.e,m,46000.00,18000.00,28000.00,3,quarterly,7,money market,mid cap,0,low,-2.17,8.52,14.51,-6.9
265,46,ca,f,70000.00,32000.00,38000.00,7,monthly,10,balanced,mid cap,1,medium,-1.21,9.46,14.27,-6.23
266,44,m.tech,m,55000.00,20000.00,35000.00,3,quarterly,8,debt,large cap,0,medium,-1.21,9.46,14.27,-6.23
267,39,mba,m,39000.00,20000.00,19000.00,1,fortnight,6,balanced,large cap,0,medium,-1.2,9.46,15.46,-6.23
268,50,b.e,m,48000.00,25000.00,23000.00,5,monthly,15,debt,large cap,0,medium,-,-,-,0.35
269,33,intern(puc),f,20000.00,10000.00,10000.00,9,monthly,9,debt,large cap,1,medium,5.88,-,-,4.42
270,56,ca,m,90000.00,57000.00,33000.00,8,fortnight,9,balanced,large cap,1,medium,6.72,-,-,4.74
271,54,b.e,m,80000.00,30000.00,50000.00,5,fortnight,5,balanced,mid cap,1,medium,6.36,-,-,4.39
272,38,intern(puc),f,25000.00,5000.00,20000.00,4,fortnight,15,growth,small cap,1,low,6.36,-,-,4.39
273,42,mbbs,m,80000.00,60000.00,20000.00,6,fortnight,12,money market,small cap,0,low,6.41,-,-,4.48
274,43,b.com,f,25000.00,14000.00,11000.00,8,yearly,8,hybrid,mid cap,0,low,6.41,-,-,4.48
275,53,m.tech,m,50000.00,23000.00,27000.00,4,yearly,4,money market,mid cap,1,low,5.69,-,-,3.92
276,29,b.com,m,45000.00,20000.00,25000.00,6,monthly,14,equity,mid cap,0,high,5.69,-,-,3.92
277,52,b.e,f,50000.00,20000.00,30000.00,4,quarterly,3,balanced,large cap,0,medium,5.75,-,-,1
278,47,ca,m,100000.00,45000.00,55000.00,5,fortnight,15,hybrid,small cap,1,low,5.75,-,-,4.02
279,39,b.tech,m,55000.00,18000.00,37000.00,5,monthly,14,growth,mid cap,1,low,5.2,-,-,3.93
280,54,ca,m,100000.00,50000.00,50000.00,5,quarterly,14,money market,large cap,1,low,5.2,-,-,3.93
281,46,mbbs,m,70000.00,40000.00,30000.00,5,fortnight,4,balanced,mid cap,1,medium,6.02,-,-,4.24
282,31,intern(puc),f,25000.00,10000.00,15000.00,7,yearly,14,equity,mid cap,0,high,4.41,9.46,10.81,2.24
283,35,b.com,m,33000.00,15000.00,18000.00,5,monthly,4,debt,mid cap,0,medium,1.37,5.19,6.68,0.2
284,51,mba,m,100000.00,40000.00,60000.00,5,monthly,11,balanced,small cap,1,medium,1.37,5.19,6.68,0.2
285,42,degree,m,45000.00,20000.00,25000.00,3,monthly,11,growth,large cap,1,low,1.24,6.57,-,0.05
286,51,b.tech,m,80000.00,40000.00,40000.00,5,monthly,9,balanced,mid cap,0,medium,1.24,6.57,-,0.05
287,35,m.tech,m,48000.00,20000.00,28000.00,5,yearly,15,growth,large cap,1,low,2.12,7.01,8.86,0.67
288,28,b.arch,f,15000.00,5000.00,10000.00,4,fortnight,13,equity,small cap,1,high,-0.49,4.07,5.75,-1.07
289,43,mba,m,70000.00,35000.00,35000.00,5,fortnight,15,hybrid,large cap,0,low,-0.49,4.07,5.75,-1.07
290,52,b.e,m,56000.00,25000.00,31000.00,5,yearly,13,balanced,large cap,0,medium,-0.54,3.75,5.78,-1.18
291,41,b.e,m,15000.00,5000.00,10000.00,3,quarterly,6,balanced,small cap,0,medium,-0.54,3.75,5.78,-1.18
292,54,b.a,f,30000.00,20000.00,10000.00,5,fortnight,9,equity,mid cap,0,high,1.38,4.68,5.6,0.37
293,29,b.arch,m,35000.00,10000.00,25000.00,5,yearly,12,equity,large cap,1,high,1.38,4.68,5.6,0.37
294,40,b.tech,m,90000.00,40000.00,50000.00,7,fortnight,3,equity,mid cap,0,high,1.63,5.03,5.96,0.47
295,36,degree,f,15000.00,5000.00,10000.00,5,monthly,13,balanced,mid cap,1,medium,1.63,5.03,5.96,0.47
296,47,degree,f,29000.00,15000.00,14000.00,5,fortnight,8,equity,mid cap,1,high,3.71,7.72,8.49,2.53
297,50,mba,m,70000.00,76041.00,-6041.00,4,monthly,9,balanced,small cap,1,medium,2.03,3.54,2.43,1.88
298,53,m.tech,m,100000.00,50000.00,50000.00,2,yearly,10,equity,mid cap,1,high,2.03,3.54,2.43,1.88
299,41,ca,f,80000.00,30000.00,50000.00,4,fortnight,3,debt,small cap,1,medium,3.23,7.01,7.83,2.21
300,37,b.e,m,30000.00,15000.00,15000.00,7,yearly,8,balanced,large cap,1,medium,1.94,4.2,4.45,1.37
301,52,b.com,f,35000.00,15000.00,20000.00,5,yearly,12,balanced,small cap,1,medium,1.94,4.2,4.45,1.37
302,32,degree,f,30000.00,10000.00,20000.00,3,quarterly,3,money market,large cap,0,low,1.78,4.71,5.11,1.7
303,44,mbbs,m,100000.00,35000.00,65000.00,4,fortnight,5,balanced,mid cap,1,medium,1.78,4.71,5.11,1.7
304,25,b.com,f,28653.00,12893.85,15759.15,1,fortnight,5,growth,mid cap,0,low,1.33,4.67,4.56,0.32
305,37,mbbs,m,84059.00,37826.55,46232.45,8,quarterly,12,balanced,mid cap,0,medium,1.33,4.67,4.56,0.32
306,52,mba,f,24670.00,11101.50,13568.50,6,fortnight,13,money market,small cap,0,low,3.18,6.99,7.75,2.15
307,29,m.tech,f,26398.00,11879.10,14518.90,4,fortnight,7,equity,mid cap,1,high,1.93,4.19,4.41,1.36
308,45,mba,f,31972.00,14387.40,17584.60,6,quarterly,4,debt,small cap,1,medium,1.93,4.19,4.41,1.36
309,44,b.com,m,93600.00,42120.00,51480.00,8,fortnight,10,balanced,mid cap,1,medium,1.77,4.73,5.09,1.68
310,58,m.tech,m,93439.00,42047.55,51391.45,9,yearly,8,balanced,large cap,1,medium,1.77,4.73,5.09,1.68
311,58,m.com,f,47883.00,21547.35,26335.65,7,fortnight,14,debt,mid cap,1,medium,2.2,4.54,4.99,1.54
312,52,llb,m,64603.00,29071.35,35531.65,7,fortnight,11,balanced,large cap,0,medium,2.2,4.54,4.99,1.54
313,38,m.tech,m,28018.00,12608.10,15409.90,1,fortnight,10,balanced,large cap,0,medium,0.97,6.92,7.93,1.78
314,41,degree,f,64152.00,28868.40,35283.60,2,monthly,12,growth,small cap,1,low,-0.31,4.61,5.9,1.18
315,27,llb,m,49764.00,22393.80,27370.20,4,fortnight,15,hybrid,large cap,0,low,0.18,4.5,5.54,1.14
316,27,mbbs,f,61216.00,27547.20,33668.80,10,quarterly,13,money market,large cap,0,low,0.18,4.5,5.54,1.14
317,28,b.e,f,67628.00,30432.60,37195.40,8,fortnight,13,debt,small cap,1,medium,0.72,5.28,4.62,1.56
318,46,mba,f,49614.00,22326.30,27287.70,7,monthly,14,balanced,mid cap,0,medium,0.72,5.28,-,1.56
319,50,degree,m,77524.00,34885.80,42638.20,1,quarterly,9,hybrid,large cap,0,low,1.36,7.29,8.49,2.07
320,35,llb,m,60029.00,27013.05,33015.95,2,monthly,10,growth,large cap,1,low,0,0,0.16,0
321,53,ca,m,48637.00,21886.65,26750.35,5,yearly,9,balanced,small cap,0,medium,0,0,0.16,0
322,32,m.com,m,45753.00,20588.85,25164.15,3,fortnight,10,growth,mid cap,0,low,0.56,4.04,5.08,1.5
323,33,ca,f,79482.00,35766.90,43715.10,4,yearly,14,debt,small cap,0,medium,0.56,4.04,5.08,1.5
324,30,b.e,f,57217.00,25747.65,31469.35,7,monthly,10,equity,small cap,1,high,-0.24,4.76,5.38,1.18
325,35,mbbs,f,90873.00,40892.85,49980.15,7,fortnight,6,growth,small cap,0,low,-0.24,4.76,5.38,1.18
326,56,b.e,f,91809.00,41314.05,50494.95,4,fortnight,7,balanced,large cap,1,medium,0,0,-0.11,0
327,26,b.com,m,94209.00,42394.05,51814.95,10,fortnight,13,money market,large cap,1,low,4.72,5.71,8.85,0.97
328,59,b.com,f,44581.00,20061.45,24519.55,10,monthly,3,balanced,large cap,1,medium,-1.72,3.25,6.44,-1.36
329,39,b.arch,m,62247.00,28011.15,34235.85,7,monthly,10,hybrid,mid cap,0,low,-1.72,3.25,6.44,-1.36
330,31,degree,m,53016.00,23857.20,29158.80,10,quarterly,5,equity,small cap,1,high,-1.69,3.29,6.45,-0.83
331,57,llb,f,88753.00,39938.85,48814.15,4,yearly,10,debt,large cap,0,medium,-1.69,3.29,6.45,-0.83
332,54,ca,m,82965.00,37334.25,45630.75,4,quarterly,9,balanced,small cap,0,medium,4.68,15.1,20.76,1.14
333,54,mbbs,m,49410.00,22234.50,27175.50,5,monthly,6,debt,large cap,1,medium,3.35,13.89,19.61,0.22
334,45,b.e,f,83237.00,37456.65,45780.35,6,yearly,13,balanced,mid cap,0,medium,4.63,15.01,20.67,1.18
335,51,degree,f,22123.00,9955.35,12167.65,9,yearly,11,balanced,small cap,0,medium,4.63,15.01,20.67,1.18
336,49,b.arch,f,80930.00,36418.50,44511.50,2,fortnight,8,balanced,mid cap,0,medium,-3.5,13.96,13.06,-3.08
337,37,llb,f,95389.00,42925.05,52463.95,6,monthly,5,balanced,mid cap,1,medium,1.2,13.09,19.11,-1.85
338,35,m.com,f,33453.00,15053.85,18399.15,9,quarterly,6,debt,mid cap,0,medium,1.2,13.09,19.11,-1.85
339,58,m.com,m,20420.00,9189.00,11231.00,7,yearly,9,money market,mid cap,1,low,1.63,5.41,-,1.98
340,60,ca,m,58334.00,26250.30,32083.70,9,fortnight,9,equity,mid cap,1,high,1.63,5.41,-,1.98
341,38,mba,f,79091.00,35590.95,43500.05,9,monthly,10,balanced,large cap,1,medium,3.43,7.17,-,2.92
342,40,m.com,m,42103.00,18946.35,23156.65,9,yearly,6,balanced,mid cap,0,medium,0.9,4.66,-,1.46
343,27,degree,m,34207.00,15393.15,18813.85,10,monthly,6,equity,mid cap,1,high,0.9,4.66,-,1.46
344,42,b.arch,f,92236.00,41506.20,50729.80,8,yearly,8,money market,mid cap,0,low,2.72,6.44,-,2.41
345,42,b.arch,m,83357.00,37510.65,45846.35,2,quarterly,13,balanced,small cap,1,medium,0.57,7.22,8.19,1.88
346,31,degree,f,94090.00,42340.50,51749.50,10,quarterly,12,money market,mid cap,1,low,-0.09,6.53,7.59,1.4
347,59,degree,f,72003.00,32401.35,39601.65,6,yearly,15,balanced,small cap,1,medium,-1.1,5.43,6.47,-1.79
348,42,mbbs,m,84957.00,38230.65,46726.35,3,quarterly,13,debt,small cap,0,medium,-1.1,5.43,6.47,-1.79
349,59,mba,f,29323.00,13195.35,16127.65,4,quarterly,4,money market,mid cap,1,low,-1.82,4.68,5.81,-2.37
350,55,mbbs,m,25838.00,11627.10,14210.90,10,fortnight,4,balanced,large cap,1,medium,-1.82,4.68,5.81,-2.37
351,54,b.com,f,43806.00,19712.70,24093.30,3,quarterly,10,balanced,small cap,1,medium,2.12,16.34,31.97,-4.83
352,25,mbbs,m,28788.00,12954.60,15833.40,3,quarterly,6,debt,small cap,1,medium,2.12,16.34,31.97,-4.83
353,49,b.e,m,46819.00,21068.55,25750.45,3,monthly,13,balanced,small cap,1,medium,2.37,16.76,32.25,-4.84
354,31,m.tech,f,96903.00,43606.35,53296.65,9,quarterly,11,equity,large cap,0,high,3.51,18.1,33.69,-3.95
355,40,degree,m,55630.00,25033.50,30596.50,2,quarterly,12,money market,mid cap,0,low,3.51,18.1,33.69,-3.95
356,49,b.e,m,41107.00,18498.15,22608.85,1,monthly,3,balanced,large cap,1,medium,3.72,18.19,33.64,-3.96
357,52,degree,f,24477.00,11014.65,13462.35,8,monthly,4,hybrid,small cap,0,low,5.31,11.23,15.16,2.39
358,34,mbbs,m,66741.00,30033.45,36707.55,8,fortnight,9,debt,small cap,0,medium,5.31,11.23,15.16,2.39
359,26,llb,m,52504.00,23626.80,28877.20,4,quarterly,14,equity,large cap,1,high,5.98,11.47,15.44,2.39
360,25,llb,m,94833.00,42674.85,52158.15,2,quarterly,15,hybrid,large cap,0,low,6.72,12.2,16.12,2.9
361,41,b.arch,m,81392.00,36626.40,44765.60,3,monthly,7,balanced,large cap,1,medium,6.04,11.93,15.95,2.86
362,45,m.com,m,46803.00,21061.35,25741.65,8,fortnight,13,money market,mid cap,1,low,6.04,11.93,15.95,2.86
363,59,degree,m,43481.00,19566.45,23914.55,4,quarterly,15,balanced,large cap,1,medium,5.64,12.39,17.97,2.63
364,38,m.tech,m,96556.00,43450.20,53105.80,6,quarterly,6,balanced,small cap,1,medium,5.08,12.09,17.75,1.42
365,31,degree,m,54671.00,24601.95,30069.05,6,quarterly,12,money market,small cap,1,low,5.08,12.09,17.75,1.42
366,48,ca,f,75518.00,33983.10,41534.90,9,monthly,15,balanced,mid cap,0,medium,4.22,11.06,16.96,1.63
367,43,b.e,f,36418.00,16388.10,20029.90,8,quarterly,8,hybrid,mid cap,0,low,3.64,10.8,16.79,0.33
368,49,llb,m,40173.00,18077.85,22095.15,2,yearly,15,balanced,mid cap,1,medium,3.64,10.8,16.79,0.33
369,50,b.arch,m,44561.00,20052.45,24508.55,2,quarterly,7,money market,large cap,0,low,10.52,12.63,17.35,4.97
370,60,mba,m,87161.00,39222.45,47938.55,2,yearly,14,balanced,large cap,0,medium,10.5,12.61,17.33,4.93
371,53,m.com,m,93686.00,42158.70,51527.30,4,fortnight,4,balanced,mid cap,0,medium,10.5,12.61,17.33,4.93
372,56,b.arch,f,37842.00,17028.90,20813.10,10,monthly,6,hybrid,mid cap,0,low,9.63,11.83,16.63,4.36
373,55,mba,f,64069.00,28831.05,35237.95,3,monthly,8,balanced,small cap,0,medium,9.66,11.72,16.53,4.36
374,31,degree,f,41341.00,18603.45,22737.55,3,fortnight,14,equity,mid cap,0,high,9.66,11.72,16.53,4.36
375,27,mba,f,66635.00,29985.75,36649.25,9,yearly,10,equity,large cap,0,high,-1.97,6.07,7.06,-0.18
376,41,mbbs,f,79984.00,35992.80,43991.20,1,fortnight,11,money market,mid cap,1,low,-1.97,6.07,7.06,-0.18
377,54,b.com,m,36725.00,16526.25,20198.75,2,yearly,14,balanced,mid cap,1,medium,2.37,5.16,-,0.32
378,52,m.tech,f,79602.00,35820.90,43781.10,6,monthly,6,balanced,mid cap,0,medium,4.53,7.55,8.2,2.08
379,27,b.com,m,30921.00,13914.45,17006.55,10,quarterly,6,hybrid,small cap,0,low,3,-,-,2.68
380,50,mbbs,m,35413.00,15935.85,19477.15,5,quarterly,5,balanced,small cap,0,medium,3,-,-,2.68
381,51,mba,m,36198.00,16289.10,19908.90,7,fortnight,11,hybrid,mid cap,1,low,3.65,6.8,7.99,3.23
382,54,llb,m,22135.00,9960.75,12174.25,4,quarterly,15,balanced,large cap,1,medium,1.61,4.56,5.71,1.86
383,60,mba,m,84445.00,38000.25,46444.75,9,quarterly,10,hybrid,small cap,1,low,1.61,4.56,5.71,1.86
384,29,ca,m,80265.00,36119.25,44145.75,6,quarterly,8,equity,large cap,1,high,1.64,4.04,-,2.2
385,26,m.com,f,47126.00,21206.70,25919.30,9,yearly,15,money market,mid cap,1,low,1.64,4.04,-,2.2
386,43,llb,m,33543.00,15094.35,18448.65,2,monthly,3,balanced,large cap,0,medium,2.69,4.7,-,2.39
387,38,b.com,f,47736.00,21481.20,26254.80,4,yearly,11,equity,large cap,0,high,2.69,4.7,-,2.39
388,26,m.com,m,96061.00,43227.45,52833.55,8,fortnight,12,equity,large cap,1,high,-2.12,-,-,-3.53
389,51,b.e,f,83798.00,37709.10,46088.90,9,monthly,5,equity,small cap,1,high,-2.12,-,-,-3.53
390,58,llb,f,69348.00,31206.60,38141.40,1,fortnight,10,debt,mid cap,1,medium,-,-,-,0.23
391,47,b.com,f,87162.00,39222.90,47939.10,5,quarterly,14,money market,large cap,0,low,-,-,-,0.23
392,26,llb,m,54342.00,24453.90,29888.10,3,monthly,12,hybrid,small cap,0,low,5.38,9.06,-,3.87
393,32,b.arch,f,79988.00,35994.60,43993.40,10,monthly,10,money market,mid cap,0,low,2.89,-,-,2.21
394,38,llb,m,85411.00,38434.95,46976.05,7,monthly,5,balanced,mid cap,1,medium,2.89,-,-,2.21
395,39,m.tech,f,83932.00,37769.40,46162.60,3,monthly,5,balanced,small cap,1,medium,2.83,6.07,-,2.54
396,58,b.arch,m,99657.00,44845.65,54811.35,4,fortnight,8,hybrid,mid cap,0,low,2.83,6.07,-,2.54
397,54,m.tech,f,47160.00,21222.00,25938.00,1,yearly,5,balanced,mid cap,1,medium,2,7.05,-,0.86
398,44,degree,m,56205.00,25292.25,30912.75,2,yearly,13,balanced,large cap,1,medium,2,7.05,-,0.86
399,42,mbbs,m,38783.00,17452.35,21330.65,9,quarterly,3,hybrid,mid cap,0,low,2.37,7.06,-,1.8
400,31,b.com,m,99613.00,44825.85,54787.15,7,fortnight,12,equity,mid cap,1,high,2.37,7.06,-,1.8
401,27,b.arch,f,30040.00,13518.00,16522.00,1,quarterly,12,equity,large cap,1,high,4.24,7.9,-,3.08
402,44,degree,f,56497.00,25423.65,31073.35,4,yearly,13,money market,mid cap,1,low,1.9,5.31,-,1.51
403,60,b.e,m,75421.00,33939.45,41481.55,1,yearly,7,balanced,large cap,0,NA,1.9,5.31,-,1.51
404,22,b.e,f,5000.00,0.00,5000.00,5,fortnight,15,equity,small cap,0,high,2.02,5.5,-,2.03
405,35,b.com,m,45000.00,20000.00,25000.00,3,fortnight,10,balanced,small cap,1,high,2.02,5.5,-,2.03
406,40,b.tech,m,50000.00,22000.00,28000.00,3,monthly,9,debt,mid cap,1,medium,1.03,10.51,-,-3.62
407,45,mba,f,45000.00,19000.00,26000.00,3,monthly,6,debt,mid cap,0,low,1.03,10.51,-,-3.62
408,55,ca,m,80000.00,45000.00,35000.00,4,quarterly,8,balanced,large cap,1,low,1.94,10.84,-,-2.91
409,38,m.sc,f,38000.00,22000.00,16000.00,5,yearly,11,equity,mid cap,1,medium,-1.74,8.85,-,-6
410,27,b.sc,f,26000.00,11000.00,15000.00,7,fortnight,9,debt,mid cap,1,medium,-1.74,8.85,-,-6
411,30,m.tech,m,70000.00,32000.00,38000.00,5,monthly,7,balanced,large cap,0,low,-0.15,9.44,-,-4.44
412,42,b.sc,m,55000.00,30000.00,25000.00,3,yearly,10,balanced,large cap,0,high,2.14,8.2,9.08,3.27
413,52,bds,f,60000.00,37000.00,66000.00,3,yearly,9,equity,small cap,1,low,1.95,7.34,7.76,3.26
414,37,mba,m,27000.00,10000.00,17000.00,4,monthly,12,balanced,small cap,1,medium,1.95,7.34,7.76,3.26
415,26,b.tech,m,60000.00,40000.00,20000.00,7,quarterly,9,debt,large cap,1,low,0.09,-,-,2.21
416,67,ca,m,90000.00,57000.00,33000.00,3,yearly,7,debt,small cap,0,high,0.09,-,-,2.21
417,29,b.com,f,35000.00,10000.00,25000.00,5,monthly,8,equity,mid cap,0,high,1.04,6.91,8.01,2.53
418,55,mca,f,48000.00,25000.00,23000.00,4,yearly,9,equity,small cap,1,high,-1,4.08,5.44,1.26
419,48,m.e,m,80000.00,60000.00,40000.00,3,monthly,14,debt,mid cap,0,medium,-1,4.08,5.44,1.26
420,32,b.a,f,25000.00,14000.00,11000.00,4,fortnight,6,equity,small cap,0,high,-4.37,3.55,5.47,-0.85
421,26,m.com,f,35000.00,15000.00,20000.00,6,quarterly,13,balanced,large cap,1,low,-4.37,3.55,5.47,-0.85
422,29,b.e,m,45000.00,20000.00,25000.00,7,quarterly,7,equity,large cap,0,low,5.47,7.01,9.07,1.99
423,38,mbbs,f,100000.00,60000.00,40000.00,5,monthly,6,debt,mid cap,1,medium,5.47,7.01,9.07,1.99
424,20,degree,m,13000.00,5000.00,8000.00,8,monthly,10,balanced,small cap,1,high,-,-,-,2.71
425,40,b.tech,m,55000.00,18000.00,37000.00,4,yearly,10,balanced,large cap,0,high,10.76,-,-,7.54
426,35,mbbs,f,100000.00,50000.00,50000.00,5,monthly,6,debt,mid cap,1,medium,7.74,8.48,10.95,3.72
427,41,ca,m,70000.00,40000.00,30000.00,3,monthly,5,debt,small cap,1,high,0.38,6.08,-,1.12
428,38,b.tech,m,45000.00,20000.00,25000.00,5,monthly,3,debt,small cap,1,medium,5.96,6.18,-,4.23
429,25,b.tech,f,33000.00,15000.00,18000.00,8,monthly,1,balanced,small cap,1,medium,13.26,13.6,5.79,4.64
430,29,m.tech,m,50000.00,18000.00,32000.00,6,monthly,5,debt,large cap,1,low,12.22,12.32,4.66,3.96
431,56,b.com,f,35000.00,20000.00,15000.00,3,yearly,6,balanced,large cap,1,low,6.99,-,-,4.27
432,33,mba,m,200000.00,80000.00,120000.00,5,monthly,8,balanced,mid cap,1,medium,6.99,-,-,4.27
433,30,b.tech,f,25000.00,20000.00,5000.00,5,monthly,2,debt,small cap,1,low,6.99,-,-,4.27
434,20,b.e,m,15000.00,10000.00,5000.00,5,fortnight,5,debt,large cap,0,low,6.61,8.25,11.73,4.14
435,45,ca,f,70000.00,35000.00,35000.00,6,yearly,10,debt,small cap,1,medium,5.93,-,-,3.49
436,65,degree,m,25000.00,15000.00,10000.00,7,quarterly,14,equity,large cap,0,low,5.93,-,-,3.49
437,34,intern(puc),f,15000.00,10000.00,5000.00,5,monthly,6,balanced,small cap,1,high,5.93,-,-,3.49
438,52,mbbs,f,85000.00,50000.00,35000.00,9,yearly,9,equity,mid cap,1,high,7.47,9.07,12.46,4.71
439,60,m.tech,f,70000.00,30000.00,40000.00,10,yearly,5,equity,mid cap,1,medium,7.47,9.07,12.46,4.71
440,48,b.sc,m,50000.00,25000.00,20000.00,6,quarterly,7,debt,small cap,0,high,7.72,9.17,12.52,4.97
441,30,hotel mgnt,m,45000.00,20000.00,25000.00,7,quarterly,13,balanced,large cap,0,low,6.42,8.18,11.68,3.99
442,46,mba,m,50000.00,30000.00,20000.00,6,quarterly,11,equity,small cap,1,high,6.42,8.18,11.68,3.99
443,39,b.tech,f,30000.00,15000.00,15000.00,8,monthly,9,balanced,large cap,0,low,4.29,6.79,8.09,3.4
444,62,ca,m,80000.00,45000.00,35000.00,9,quarterly,7,balanced,large cap,1,low,-,-,-,-
445,32,b.com,f,18000.00,10000.00,8000.00,4,monthly,10,debt,small cap,0,medium,-,-,-,3.4
446,43,m.com,m,46000.00,25000.00,11000.00,5,yearly,6,debt,mid cap,0,medium,3.01,4.82,6.08,2.42
447,35,b.arch,f,100000.00,50000.00,40000.00,6,fortnight,8,equity,mid cap,1,high,3.01,4.82,6.08,2.42
448,56,m.tech,m,56000.00,30000.00,26000.00,5,monthly,11,equity,small cap,1,high,4.37,5.55,6.64,3.46
449,48,hotel mgnt,m,45000.00,25000.00,20000.00,5,quarterly,7,balanced,large cap,0,low,4.37,5.55,6.64,3.46
450,41,diploma,f,30000.00,20000.00,10000.00,8,monthly,9,debt,small cap,0,medium,6.2,8.3,8.88,4.9
451,67,b.tech,f,nil,-,-,NA,monthly,8,equity,small cap,1,high,6.2,8.3,8.88,4.9
452,42,b.arch,m,85000.00,50000.00,35000.00,5,fortnight,5,balanced,mid cap,0,high,4.02,6.48,7.78,3.22
453,58,mba,f,27000.00,15000.00,12000.00,3,yearly,9,debt,large cap,1,low,2.81,4.6,-,2.28
454,54,diploma,m,55000.00,35000.00,20000.00,5,monthly,14,debt,small cap,0,medium,2.81,4.6,-,2.28
455,26,mba,m,70000.00,45000.00,25000.00,9,quarterly,10,equity,large cap,1,high,0,3.42,-,0.08
456,32,b.tech,f,50000.00,25000.00,20000.00,6,monthly,12,debt,small cap,1,medium,0,3.42,-,0.08
457,42,b.com,m,45000.00,30000.00,15000.00,8,quarterly,3,equity,mid cap,0,low,3.3,7.24,-,2.75
458,30,m.tech,m,100000.00,50000.00,45000.00,8,monthly,5,balanced,small cap,1,medium,3.3,7.24,-,2.75
459,32,mba,m,30000.00,15000.00,15000.00,3,fortnight,10,debt,small cap,0,high,3.32,7.25,-,2.75
460,52,mbbs,f,150000.00,60000.00,70000.00,8,quarterly,3,debt,large cap,1,high,2.78,6.7,-,2.36
461,46,bba,m,80000.00,35000.00,45000.00,4,fortnight,8,balanced,mid cap,1,low,2.78,6.7,-,2.36
462,27,mca,f,60000.00,20000.00,40000.00,6,monthly,6,equity,small cap,0,high,2.78,6.7,-,2.35
463,26,intern(puc),f,25000.00,10000.00,15000.00,4,monthly,7,balanced,mid cap,1,high,2.78,6.7,-,2.35
464,32,b.sc,m,75000.00,30000.00,45000.00,7,quarterly,10,debt,small cap,0,low,5.39,6.15,-,5.2
465,25,b.e,f,20000.00,10000.00,10000.00,3,fortnight,15,equity,small cap,0,high,5.39,6.15,-,5.2
466,35,b.com,m,25000.00,15000.00,10000.00,4,fortnight,10,balanced,small cap,1,high,2.78,6.7,-,2.35
467,40,b.tech,m,50000.00,30000.00,20000.00,8,monthly,9,debt,mid cap,1,medium,1.78,4.79,-,1.62
468,45,mba,f,45000.00,30000.00,15000.00,6,monthly,6,debt,mid cap,0,low,1.78,4.79,-,1.62
469,55,ca,m,80000.00,40000.00,40000.00,8,quarterly,8,balanced,large cap,1,low,1.66,4.92,-,1.84
470,38,intern(puc),f,nil,NA,NA,NA,yearly,11,equity,mid cap,1,medium,1.66,4.92,-,1.84
471,32,m.com,m,25000.00,15000.00,10000.00,3,yearly,10,balanced,small cap,0,high,0.96,5.89,7.78,1.81
472,24,b.e,f,48000.00,30000.00,18000.00,6,quarterly,5,balanced,mid cap,1,medium,0.96,5.92,-,1.81
473,36,ca,f,55000.00,30000.00,25000.00,5,monthly,9,equity,large cap,0,low,0.96,5.92,-,1.81
474,29,m.tech,m,50000.00,30000.00,20000.00,7,monthly,5,debt,large cap,1,low,3.99,6.56,7.58,1
475,57,intern(puc),m,30000.00,10000.00,20000.00,3,yearly,10,balanced,mid cap,1,medium,0.71,5.79,7.7,1.59
476,45,b.e,m,35000.00,15000.00,20000.00,4,yearly,11,debt,large cap,0,low,0.56,5.14,6.88,1.59
477,56,intern(puc),m,36000.00,12000.00,24000.00,2,quarterly,15,debt,large cap,1,low,2.44,13.25,7.85,2.88
478,24,ca,m,50000.00,20000.00,30000.00,6,monthly,10,debt,small cap,1,high,2.44,13.25,7.85,-1.84
479,23,b.e,f,45000.00,20000.00,25000.00,5,monthly,3,balanced,small cap,1,high,2.44,13.25,7.85,-1.84
480,42,intern(puc),f,30000.00,10000.00,20000.00,3,yearly,3,balanced,large cap,1,low,1.63,12.03,24.68,-9.99
481,56,intern(puc),m,48000.00,25000.00,23000.00,5,quarterly,5,debt,mid cap,0,medium,1.63,12.03,24.68,-9.99
482,21,b.com,m,20000.00,10000.00,10000.00,7,monthly,11,equity,mid cap,1,medium,2.92,13.51,26.22,-9.16
483,36,m.tech,f,60000.00,25000.00,35000.00,7,monthly,13,equity,large cap,0,low,2.91,13.5,26.22,-9.16
484,25,b.com,m,36000.00,14000.00,22000.00,5,yearly,8,balanced,large cap,0,low,2.91,13.5,26.22,-9.16
485,22,b.e,f,62000.00,35000.00,27000.00,5,quarterly,9,debt,small cap,1,high,1.63,12.03,24.68,-9.99
486,41,ca,m,70000.00,30000.00,40000.00,3,monthly,5,debt,small cap,1,high,3,5.2,-,2.22
487,29,b.tech,m,23000.00,10000.00,13000.00,2,quarterly,6,balanced,small cap,1,high,3,5.2,-,2.22
488,32,ca,m,60000.00,25000.00,35000.00,5,quarterly,4,equity,mid cap,0,medium,4.65,7.42,-,3.31
489,50,intern(puc),f,30000.00,15000.00,15000.00,3,yearly,8,debt,large cap,1,low,2.57,4.71,-,1.91
490,43,intern(puc),m,25000.00,10000.00,15000.00,3,yearly,5,equity,large cap,1,low,2.57,4.71,-,1.91
491,56,b.com,f,30000.00,18000.00,12000.00,2,yearly,6,balanced,large cap,0,low,4.22,6.95,-,3.01
492,23,b.com,m,25000.00,10000.00,15000.00,5,yearly,11,balanced,mid cap,1,medium,6.38,11.36,15.71,2.04
493,22,b.e,m,24000.00,10000.00,14000.00,5,yearly,12,debt,small cap,0,high,6.38,11.36,15.71,2.04
494,32,b.e,f,35000.00,10000.00,25000.00,3,monthly,15,balanced,small cap,1,high,6.38,11.36,15.71,2.04
495,22,m.tech,m,35000.00,20000.00,15000.00,5,monthly,10,debt,small cap,1,medium,5.45,10.39,14.72,1.4
496,40,b.a,f,35000.00,15000.00,20000.00,6,yearly,12,equity,mid cap,1,medium,5.45,10.39,14.72,1.4
497,35,mba,f,40000.00,20000.00,20000.00,5,yearly,15,balanced,mid cap,0,high,5.45,10.39,14.72,1.4
498,56,b.com,m,35000.00,20000.00,15000.00,2,quarterly,8,balanced,large cap,1,low,6.69,8.97,10.12,5.03
499,45,ca,m,50000.00,30000.00,20000.00,3,monthly,9,equity,large cap,0,low,5.07,6.69,7.92,3.96
500,34,intern(puc),f,15000.00,5000.00,10000.00,3,yearly,7,income,mid cap,1,medium,5.07,6.69,7.92,3.96
501,20,b.com,m,30000.00,20000.00,10000.00,7,yearly,2,equity,small cap,1,high,4.2,5.77,6.95,3.35
502,40,eng,m,50000.00,20000.00,30000.00,5,monthly,10,growth,large cap,1,high,4.2,5.77,6.95,3.35
503,60,ias,m,90000.00,40000.00,50000.00,7,quarterly,7,pension,mid cap,1,low,5.92,8.11,9.21,4.49
504,30,mbbs,f,15000.00,5000.00,10000.00,5,yearly,4,liquid,large cap,0,low,2.9,7.7,10.77,1.36
505,55,eng,f,5000.00,2000.00,3000.00,2,yearly,5,growth,small cap,1,low,0.8,4.95,8.22,-0.14
506,22,ca,f,7000.00,3000.00,4000.00,6,monthly,9,equity,small cap,0,high,0.8,4.95,8.22,-0.14
507,65,eng,m,10000.00,5000.00,5000.00,4,quarterly,13,income,mid cap,0,high,1.18,4.83,8.23,0.21
508,35,md,f,80000.00,30000.00,50000.00,5,quarterly,4,income,large cap,1,low,1.18,4.83,8.23,0.21
509,57,b.com,f,30000.00,15000.00,15000.00,7,monthly,6,tax saving,large cap,1,high,-4.17,3.49,10.74,NA
510,18,eng,m,nil,NA,NA,NA,yearly,8,fixed maturity,mid cap,0,low,-3.47,4.55,11.88,NA
511,27,m.tech,m,50000.00,20000.00,30000.00,6,monthly,10,growth,small cap,1,high,5.57,10.45,-,NA
512,35,b.e,f,45000.00,35000.00,10000.00,5,quarterly,6,equity,mid cap,0,medium,5.57,10.45,-,NA
513,40,ca,m,100000.00,60000.00,40000.00,9,yearly,3,equity,large cap,1,high,5.61,10.5,11.65,NA
514,20,b.tech,m,NA,NA,NA,NA,yearly,15,liquid,small cap,1,low,5.46,10.32,11.56,NA
515,45,md,f,200000.00,150000.00,50000.00,5,monthly,4,growth,large cap,1,high,5.46,10.32,11.56,NA
516,47,degree,f,60000.00,40000.00,20000.00,4,monthly,12,pension,large cap,1,low,5.47,10.32,11.57,NA
517,30,degree,f,NA,NA,NA,NA,quarterly,10,income,small cap,0,low,9.34,7.99,4.06,NA
518,23,b.tech,m,25000.00,20000.00,5000.00,8,monthly,8,fixed maturity,mid cap,0,low,9.34,7.99,4.06,NA
519,40,mba,m,150000.00,115000.00,35000.00,4,yearly,3,tax saving,large cap,1,medium,9.34,8,4.06,NA
520,36,intermediate,m,20000.00,15000.00,5000.00,6,quarterly,6,income,mid cap,1,low,9.69,8.47,4.52,NA
521,29,pg,m,35000.00,30000.00,5000.00,4,monthly,8,income,mid cap,1,medium,9.69,8.47,4.52,NA
522,38,masters,f,250000.00,200000.00,50000.00,5,yearly,2,tax saving,large cap,1,high,3.34,0.8,4.04,NA
523,27,b.com,m,15000.00,10000.00,5000.00,5,quarterly,2,liquid,small cap,1,low,3.55,1.08,4.33,NA
524,33,b.e,f,25000.00,20000.00,5000.00,5,monthly,7,income,mid cap,0,high,3.34,0.8,4.04,NA
525,65,degree,m,30000.00,25000.00,5000.00,5,monthly,5,income,small cap,0,low,3.55,1.08,4.33,NA
526,45,m.tech,m,750000.00,50000.00,25000.00,5,quarterly,8,income,small cap,0,high,3.34,0.8,4.04,NA
527,65,teacher,m,250000.00,200000.00,50000.00,5,monthly,7,equity,small cap,1,low,3.53,1.06,4.32,NA
528,51,b.e,m,850000.00,50000.00,35000.00,5,quarterly,4,growth,mid cap,1,medium,1.92,-0.15,5.88,NA
529,29,mba,m,600000.00,500000.00,100000.00,5,monthly,5,pension,large cap,0,high,1.92,-0.15,5.88,NA
530,32,b.e,f,700000.00,600000.00,100000.00,5,yearly,6,liquid,large cap,1,high,2.04,0.21,8.31,NA
531,34,mba,m,367000.00,300000.00,67000.00,5,quarterly,9,growth,mid cap,1,low,2.04,0.21,8.31,NA
532,53,mbbs,m,887000.00,750000.00,137000.00,5,monthly,10,equity,small cap,1,medium,1.6,-0.35,7.75,NA
533,43,degree,m,654000.00,600000.00,54000.00,5,yearly,16,income,mid cap,0,high,1.6,-0.35,7.75,NA
534,32,ca,f,358000.00,300000.00,58000.00,5,quarterly,12,income,large cap,0,low,1.57,-0.58,5.36,NA
535,23,m.engn,m,28000.00,25000.00,3000.00,5,fortnight,5,balanced,small cap,1,high,1.57,-0.58,5.36,NA
536,32,a.engn,m,50000.00,45000.00,5000.00,5,monthly,9,debt,mid cap,1,medium,0.58,-0.48,5.87,NA
537,38,intern(puc),f,nil,NA,NA,5,yearly,3,balanced,large cap,1,low,1.16,-1.43,6.09,NA
538,30,b.e,m,100000.00,75000.00,25000.00,7,monthly,6,debt,mid cap,1,medium,0.58,-2.13,5.26,NA
539,24,mba,f,20000.00,15000.00,5000.00,5,monthly,11,equity,mid cap,1,medium,-12.51,1.5,12.18,NA
540,40,llb,m,70000.00,50000.00,20000.00,5,monthly,7,balanced,large cap,0,low,-12.51,1.5,12.18,NA
541,25,b.e,f,45000.00,40000.00,5000.00,4,monthly,3,balanced,small cap,1,high,-12.48,1.47,12.11,NA
542,28,b.e,m,50000.00,45000.00,5000.00,2,yearly,9,equity,large cap,1,high,-13,0.62,11.04,NA
543,48,b.a,m,20000.00,15000.00,5000.00,4,quarterly,5,income,mid cap,1,low,-13,0.62,11.04,NA
544,30,m.tech,f,30000.00,25000.00,5000.00,7,monthly,7,balanced,small cap,0,low,-13.05,0.6,11.03,NA
545,58,ias,m,90000.00,75000.00,15000.00,5,quarterly,9,pension,mid cap,1,low,1.64,2.71,7.13,NA
546,40,degree,m,60000.00,50000.00,10000.00,3,monthly,13,debt,mid cap,0,medium,1.64,2.71,7.13,NA
547,20,b.e,f,50000.00,4000.00,1000.00,4,fortnight,15,equity,small cap,0,high,3.86,4.96,8.62,NA
548,37,m.engn,m,700000.00,650000.00,50000.00,4,yearly,6,liquid,large cap,1,high,1.33,2.39,6.03,NA
549,45,md,f,250000.00,215000.00,35000.00,5,yearly,2,tax saving,large cap,1,high,1.33,2.39,6.03,NA
550,40,ca,f,50000.00,45000.00,5000.00,3,monthly,9,equity,large cap,0,low,3.27,4.15,7.83,NA
551,65,degree,m,30000.00,20000.00,10000.00,8,monthly,5,pension,small cap,0,low,2.06,2.59,5.78,NA
552,27,b.com,m,25000.00,10000.00,5000.00,7,quarterly,2,liquid,small cap,1,low,2.06,2.59,5.78,NA
553,25,degree,f,45000.00,35000.00,10000.00,5,monthly,6,debt,mid cap,0,low,1.05,1.91,6.3,NA
554,26,b.e,m,37375.00,16818.75,20556.25,8,monthly,9,money market,large cap,1,low,1.05,1.91,6.3,NA
555,49,b.e,f,57909.00,26059.05,31849.95,7,monthly,3,debt,large cap,1,medium,3.27,4.15,7.83,NA
556,56,m.tech,m,100000.00,65000.00,35000.00,8,monthly,5,sectoral,large cap,1,high,0.73,1.59,5.35,NA
557,47,b.com,f,40000.00,25000.00,20000.00,8,fortnight,11,debt,large cap,1,medium,0.73,1.59,5.35,NA
558,29,degree,f,50000.00,35000.00,15000.00,7,monthly,7,debt,large cap,0,medium,1.91,2.2,5.26,NA
559,42,m.tech,f,75000.00,40000.00,35000.00,7,yearly,12,debt,large cap,0,medium,NA,NA,NA,NA
560,26,b.com,f,50000.00,30000.00,20000.00,10,fortnight,10,money market,large cap,1,low,3.72,3.08,7.44,NA
561,35,degree,f,48139.00,21662.55,26476.45,10,fortnight,6,debt,large cap,1,medium,3.33,2.57,6.91,NA
562,24,intern(puc),m,22000.00,12000.00,10000.00,10,monthly,7,debt,large cap,0,low,3.33,2.57,6.91,NA
563,49,b.com,f,52139.00,23462.55,28676.45,10,fortnight,8,debt,large cap,1,medium,3.33,2.57,6.91,NA
564,44,b.e,f,47319.00,21293.55,26025.45,9,yearly,8,fixed maturity,large cap,1,low,3.48,4.99,5.73,NA
565,32,degree,m,41454.00,18654.30,22799.70,8,fortnight,8,debt,large cap,1,medium,3.97,5.64,6.37,NA
566,53,degree,f,44946.00,20225.70,24720.30,10,fortnight,7,money market,large cap,1,low,3.48,4.99,5.73,NA
567,52,m.tech,f,50000.00,30000.00,20000.00,7,quarterly,10,hybrid,large cap,1,low,3.97,5.64,6.37,NA
568,54,b.com,m,37647.00,16941.15,20705.85,9,yearly,4,fixed maturity,large cap,1,low,4.33,5.85,6,NA
569,45,b.e,f,50000.00,30000.00,20000.00,7,fortnight,6,balanced,large cap,0,medium,4.8,6.49,6.66,NA
570,34,ca,m,85000.00,40000.00,45000.00,10,quarterly,4,tax saving,large cap,1,high,-1.57,2.32,9.77,NA
571,53,b.com,m,58637.00,26386.65,32250.35,9,yearly,15,index,large cap,1,high,-1.53,2.37,9.81,NA
572,41,b.com,f,75194.00,33837.30,41356.70,3,monthly,14,balanced,mid cap,0,medium,-1.53,2.37,9.81,NA
573,46,degree,m,97927.00,44067.15,53859.85,5,fortnight,7,balanced,large cap,1,medium,-1.56,2.34,9.8,NA
574,42,b.e,f,68130.00,30658.50,37471.50,6,yearly,7,balanced,large cap,0,medium,-1.57,2.32,9.79,NA
575,44,intern(puc),f,43378.00,19520.10,23857.90,5,monthly,12,hybrid,small cap,1,low,-1.57,2.32,9.79,NA
576,71,m.tech,m,56496.00,25423.20,31072.80,5,monthly,12,balanced,small cap,0,medium,-2.67,0.96,10.93,NA
577,44,degree,m,24756.00,11140.20,13615.80,1,fortnight,12,money market,large cap,0,low,-2.67,0.96,10.93,NA
578,46,b.e,m,51280.00,23076.00,28204.00,1,monthly,9,balanced,small cap,0,medium,-0.62,3.12,11.83,NA
579,28,intern(puc),m,36004.00,16201.80,19802.20,6,yearly,14,equity,mid cap,1,high,-3.5,-0.21,10.09,NA
580,25,intern(puc),m,38255.00,17214.75,21040.25,4,monthly,11,equity,small cap,0,high,-3.5,-0.21,10.09,NA
581,46,b.e,m,72700.00,32715.00,39985.00,10,fortnight,11,balanced,large cap,1,medium,-1.51,1.86,10.82,NA
582,55,b.com,m,55858.00,25136.10,30721.90,2,monthly,14,balanced,small cap,1,medium,-8.39,-3.99,17.89,NA
583,50,ca,f,69752.00,31388.40,38363.60,8,quarterly,6,balanced,large cap,0,medium,-8.39,-3.99,17.89,NA
584,59,degree,f,93633.00,42134.85,51498.15,6,fortnight,9,balanced,small cap,0,medium,-8.37,-3.99,17.88,NA
585,59,b.com,f,21904.00,9856.80,12047.20,3,quarterly,4,balanced,mid cap,0,medium,-9.25,-5.21,16.7,NA
586,39,intern(puc),m,77525.00,34886.25,42638.75,3,yearly,5,balanced,small cap,0,medium,-9.25,-5.21,16.7,NA
587,26,intern(puc),f,84281.00,37926.45,46354.55,6,monthly,9,equity,mid cap,0,high,-9.23,-5.18,16.7,NA
588,60,degree,f,21004.00,9451.80,11552.20,2,quarterly,5,money market,large cap,0,low,1.85,4.17,8.06,NA
589,37,b.e,f,33140.00,14913.00,18227.00,5,yearly,15,balanced,large cap,1,medium,2,2.75,7.6,NA
590,26,b.com,f,30065.00,13529.25,16535.75,10,yearly,7,hybrid,mid cap,0,low,3.57,4.24,7.89,NA
591,29,b.e,m,60767.00,27345.15,33421.85,2,fortnight,3,equity,mid cap,1,high,2,2.75,7.6,NA
592,33,b.com,f,49188.00,22134.60,27053.40,10,quarterly,13,debt,mid cap,0,medium,3.57,4.24,7.89,NA
593,55,ca,f,96029.00,43213.05,52815.95,5,quarterly,9,balanced,large cap,0,medium,3.79,4.55,8.23,NA
594,41,b.e,f,28520.00,12834.00,15686.00,9,fortnight,15,balanced,mid cap,1,medium,3.57,4.24,7.89,NA
595,34,m.tech,f,85004.00,38251.80,46752.20,2,monthly,8,money market,mid cap,0,low,1.93,2.55,5.96,NA
596,51,b.com,m,36455.00,16404.75,20050.25,10,quarterly,15,balanced,large cap,0,medium,1.71,2.25,5.49,NA
597,56,b.com,f,99954.00,44979.30,54974.70,9,monthly,12,balanced,small cap,0,medium,1.93,2.55,5.96,NA
598,33,intern(puc),f,60572.00,27257.40,33314.60,3,fortnight,3,debt,mid cap,0,medium,1.71,2.25,5.49,NA
599,47,b.com,m,29338.00,13202.10,16135.90,7,monthly,14,money market,small cap,1,low,2.29,2.58,5.77,NA
600,27,degree,f,31002.00,13950.90,17051.10,1,monthly,12,equity,small cap,1,high,6.35,9.21,4.92,NA
601,60,ca,f,22008.00,9903.60,12104.40,6,monthly,11,money market,mid cap,1,low,6.74,8.57,4.86,NA
602,41,ca,m,41724.00,18775.80,22948.20,8,monthly,8,balanced,large cap,1,medium,9.08,9.84,6.4,NA
603,58,b.com,m,84116.00,37852.20,46263.80,10,fortnight,15,balanced,small cap,0,medium,9.48,10.3,6.86,NA
604,35,ca,m,25183.00,11332.35,13850.65,7,yearly,4,debt,small cap,0,medium,5.51,7.95,8.47,NA
605,52,intern(puc),f,21563.00,9703.35,11859.65,8,monthly,6,balanced,large cap,1,medium,9.7,9.39,-,NA
606,51,intern(puc),f,21409.00,9634.05,11774.95,6,monthly,13,balanced,mid cap,0,medium,4.17,7.45,-,NA
607,40,b.e,f,41942.00,18873.90,23068.10,10,monthly,8,balanced,large cap,0,medium,9.7,9.39,-,NA
608,40,degree,m,53726.00,24176.70,29549.30,10,yearly,6,balanced,large cap,0,medium,4.17,7.45,-,NA
609,33,intern(puc),m,33026.00,14861.70,18164.30,3,quarterly,4,debt,mid cap,1,medium,4.9,7.77,8.73,NA
610,26,intern(puc),f,61004.00,27451.80,33552.20,10,yearly,11,equity,small cap,0,high,2.3,5.11,6.1,NA
611,42,degree,m,54344.00,24454.80,29889.20,10,quarterly,3,balanced,large cap,1,medium,2.3,5.11,6.1,NA
612,41,ca,m,87778.00,39500.10,48277.90,2,quarterly,4,equity,mid cap,0,high,4.76,7.65,8.61,NA
613,31,m.tech,f,69428.00,31242.60,38185.40,9,quarterly,3,debt,large cap,0,medium,0.91,4.58,5.74,NA
614,57,b.com,f,77297.00,34783.65,42513.35,1,quarterly,3,balanced,small cap,0,medium,0.91,4.58,5.74,NA
615,33,m.tech,f,91519.00,41183.55,50335.45,7,monthly,14,debt,mid cap,1,medium,46.94,14.61,18.64,NA
616,50,ca,m,29052.00,13073.40,15978.60,1,monthly,13,balanced,large cap,1,medium,46.94,14.61,18.64,NA
617,34,b.com,f,81845.00,36830.25,45014.75,4,monthly,14,debt,mid cap,0,medium,45.88,13.77,16.48,NA
618,30,ca,f,94542.00,42543.90,51998.10,3,yearly,5,equity,mid cap,0,high,45.88,13.77,16.48,NA
619,50,ca,m,56735.00,25530.75,31204.25,1,fortnight,10,balanced,small cap,0,medium,47.88,14.33,18.18,NA
620,34,degree,f,87923.00,39565.35,48357.65,9,fortnight,4,debt,mid cap,1,medium,49.35,15.22,19.12,NA
1,54,b.com,m,50578.00,22760.10,27817.90,7,yearly,12,balanced,mid cap,1,medium,-5.08,5.22,14.32,NA
622,37,degree,m,59795.00,26907.75,32887.25,8,quarterly,7,balanced,large cap,1,medium,-4.16,6.22,15.36,NA
623,67,b.com,m,68960.00,31032.00,37928.00,10,fortnight,15,balanced,mid cap,1,medium,-5.08,5.22,14.32,NA
624,22,b.e,f,47478.00,21365.10,26112.90,8,yearly,14,equity,small cap,0,high,-4.16,6.22,15.36,NA
625,59,intern(puc),f,36669.00,16501.05,20167.95,1,yearly,6,balanced,mid cap,0,medium,-4.89,5.38,14.47,NA
626,57,degree,m,28554.00,12849.30,15704.70,8,yearly,14,balanced,small cap,1,medium,-,-,-,NA
627,39,degree,m,66326.00,29846.70,36479.30,7,quarterly,9,balanced,mid cap,0,medium,-0.04,6.18,8.43,NA
628,59,b.e,m,53733.00,24179.85,29553.15,3,quarterly,8,balanced,large cap,0,medium,-0.93,5.66,-,NA
629,29,b.e,f,40795.00,18357.75,22437.25,4,yearly,8,equity,small cap,0,high,-0.93,5.66,-,NA
630,53,b.com,m,89536.00,40291.20,49244.80,7,yearly,10,balanced,large cap,1,medium,-1.96,4.82,-,NA
631,38,b.com,m,31464.00,14158.80,17305.20,9,yearly,10,balanced,small cap,0,medium,-1.96,4.82,-,NA
632,49,degree,f,77353.00,34808.85,42544.15,10,quarterly,3,balanced,small cap,0,medium,-0.04,6.18,8.43,NA
633,30,b.com,m,25962.00,11682.90,14279.10,5,yearly,7,equity,mid cap,0,high,-2.05,3.91,6.11,NA
634,53,ca,m,68015.00,30606.75,37408.25,4,quarterly,3,balanced,mid cap,1,medium,-2.05,3.91,6.11,NA
635,32,degree,f,45667.00,20550.15,25116.85,2,quarterly,5,#N/A,small cap,0,#N/A,-0.83,3.59,5.56,NA
636,33,m.tech,f,59538.00,26792.10,32745.90,2,monthly,5,debt,mid cap,1,medium,-0.83,3.59,5.56,NA
637,54,b.e,f,27176.00,12229.20,14946.80,5,fortnight,9,hybrid,small cap,0,low,0.46,6.83,9.05,NA
638,28,degree,f,61387.00,27624.15,33762.85,1,fortnight,7,equity,mid cap,0,high,-1.56,4.54,6.71,NA
639,31,b.sc,m,61538.00,27692.10,33845.90,9,quarterly,8,hybrid,mid cap,0,low,-1.56,4.54,6.71,NA
640,39,intern(puc),m,76239.00,34307.55,41931.45,6,fortnight,11,balanced,small cap,1,medium,-1.34,3.86,5.96,NA
641,58,b.e,m,55897.00,25153.65,30743.35,5,yearly,15,balanced,mid cap,1,medium,-1.34,3.86,5.96,NA
642,48,intern(puc),m,82451.00,37102.95,45348.05,4,quarterly,4,money market,small cap,1,low,0.61,12.51,21.43,NA
643,47,b.e,m,67170.00,30226.50,36943.50,3,fortnight,13,balanced,small cap,0,medium,2.6,14.24,23.05,NA
644,35,degree,m,75836.00,34126.20,41709.80,7,fortnight,8,money market,small cap,1,low,0.61,12.51,21.43,NA
645,47,ca,m,29059.00,13076.55,15982.45,1,yearly,3,balanced,large cap,1,medium,2.6,14.24,23.05,NA
646,54,intern(puc),m,57765.00,25994.25,31770.75,6,yearly,9,balanced,small cap,1,medium,1.43,13.04,21.84,NA
647,60,ca,m,46001.00,20700.45,25300.55,2,quarterly,5,balanced,small cap,1,medium,2.64,14.24,23.04,NA
648,48,degree,m,38865.00,17489.25,21375.75,1,yearly,13,balanced,large cap,1,medium,0.08,9.37,16.33,NA
649,29,ca,f,91741.00,41283.45,50457.55,8,quarterly,14,equity,mid cap,1,high,1.45,10.85,17.78,NA
650,41,b.com,f,80009.00,36004.05,44004.95,1,fortnight,12,balanced,small cap,1,medium,4.72,14.16,20.85,NA
651,32,degree,f,57487.00,25869.15,31617.85,10,monthly,9,#N/A,small cap,1,#N/A,-12.31,8.09,19.7,NA
652,39,intern(puc),m,64985.00,29243.25,35741.75,1,monthly,9,balanced,large cap,0,medium,-12.31,8.09,19.7,NA
653,22,b.e,m,75035.00,33765.75,41269.25,4,quarterly,12,equity,mid cap,0,high,-12.44,8.04,19.75,NA
654,50,intern(puc),m,80498.00,36224.10,44273.90,6,fortnight,3,money market,small cap,1,low,-13.1,7.28,18.55,NA
655,39,b.com,f,29027.00,13062.15,15964.85,3,quarterly,4,balanced,small cap,0,medium,-13.1,7.28,18.55,NA
656,40,m.tech,f,77864.00,35038.80,42825.20,2,quarterly,10,equity,mid cap,0,high,-13.29,7.2,18.8,NA
657,43,m.tech,m,54181.00,24381.45,29799.55,4,fortnight,6,balanced,small cap,0,medium,23.38,9.16,6.04,NA
658,35,b.com,f,95715.00,43071.75,52643.25,4,quarterly,11,debt,mid cap,1,medium,28,12.11,8.45,NA
659,43,intern(puc),f,53728.00,24177.60,29550.40,2,yearly,5,balanced,small cap,1,medium,23.38,9.16,6.04,NA
660,33,m.tech,m,20702.00,9315.90,11386.10,10,monthly,12,debt,large cap,1,medium,28,12.11,8.45,NA
661,40,m.tech,m,26304.00,11836.80,14467.20,2,monthly,7,balanced,small cap,0,medium,27.39,11.56,7.92,NA
662,28,m.tech,f,46936.00,21121.20,25814.80,10,monthly,4,equity,large cap,0,high,28,12.11,8.45,NA
663,31,m.tech,f,22435.00,10095.75,12339.25,3,quarterly,10,equity,small cap,0,high,2.41,9.42,12.65,NA
664,60,ca,f,98245.00,44210.25,54034.75,8,quarterly,11,balanced,large cap,1,medium,3.56,10.2,13.37,NA
665,60,degree,f,91467.00,41160.15,50306.85,10,quarterly,4,money market,small cap,1,low,2.41,9.42,12.65,NA
666,38,b.com,f,96999.00,43649.55,53349.45,5,quarterly,5,balanced,small cap,0,medium,3.56,10.2,13.37,NA
667,54,degree,m,25623.00,11530.35,14092.65,5,monthly,7,balanced,mid cap,0,medium,3.84,9.92,12.96,NA
668,42,m.tech,m,93597.00,42118.65,51478.35,9,fortnight,13,money market,mid cap,1,low,4.38,10.49,13.56,NA
669,55,b.com,m,93352.00,42008.40,51343.60,2,fortnight,7,balanced,mid cap,1,medium,4.68,5.08,5.71,NA
670,41,degree,f,30419.00,13688.55,16730.45,1,quarterly,3,balanced,small cap,0,medium,7.36,7.42,8.01,NA
671,43,ca,f,96461.00,43407.45,53053.55,9,quarterly,14,balanced,mid cap,1,medium,7.2,7.49,8.45,NA
672,46,ca,f,63172.00,28427.40,34744.60,8,fortnight,14,balanced,mid cap,0,medium,7.2,7.49,8.45,NA
